{
  "sender": "joshijay075@gmail.com",
  "recipient": "john@acme.com",
  "subject": "ddd",
  "body": "ddd",
  "sentAt": "2025-12-04T07:00:39.414Z",
  "timestamp": "2025-12-04_12-30-39",
  "messageId": "19ae829b67350aa4",
  "attachments": [
    {
      "filename": "1764831626782_dummy_recipients.csv",
      "path": "C:\\Users\\joshi\\OneDrive\\Desktop\\Cold Mailer\\server\\uploads\\temp\\joshijay075_at_gmail_com\\2025-12-04_12-30-26\\attachments\\1764831626782_dummy_recipients.csv",
      "size": 601,
      "sizeFormatted": "601 Bytes"
    },
    {
      "filename": "1764831626850_Explain_following_terms__Avalanche_Effect__Cryptan.pdf",
      "path": "C:\\Users\\joshi\\OneDrive\\Desktop\\Cold Mailer\\server\\uploads\\temp\\joshijay075_at_gmail_com\\2025-12-04_12-30-26\\attachments\\1764831626850_Explain_following_terms__Avalanche_Effect__Cryptan.pdf",
      "size": 493477,
      "sizeFormatted": "481.91 KB"
    },
    {
      "filename": "1764831626883_give_me_all_at_once.pdf",
      "path": "C:\\Users\\joshi\\OneDrive\\Desktop\\Cold Mailer\\server\\uploads\\temp\\joshijay075_at_gmail_com\\2025-12-04_12-30-26\\attachments\\1764831626883_give_me_all_at_once.pdf",
      "size": 418589,
      "sizeFormatted": "408.78 KB"
    },
    {
      "filename": "1764831626920_find_all_the_repeated_question_and_similar_questio.pdf",
      "path": "C:\\Users\\joshi\\OneDrive\\Desktop\\Cold Mailer\\server\\uploads\\temp\\joshijay075_at_gmail_com\\2025-12-04_12-30-26\\attachments\\1764831626920_find_all_the_repeated_question_and_similar_questio.pdf",
      "size": 557657,
      "sizeFormatted": "544.59 KB"
    },
    {
      "filename": "1764831626958_Flux1_AI-2025-11-27-18-05-48.jpeg",
      "path": "C:\\Users\\joshi\\OneDrive\\Desktop\\Cold Mailer\\server\\uploads\\temp\\joshijay075_at_gmail_com\\2025-12-04_12-30-26\\attachments\\1764831626958_Flux1_AI-2025-11-27-18-05-48.jpeg",
      "size": 612214,
      "sizeFormatted": "597.87 KB"
    },
    {
      "filename": "1764831626992_Gemini_Generated_Image_6j665m6j665m6j66.png",
      "path": "C:\\Users\\joshi\\OneDrive\\Desktop\\Cold Mailer\\server\\uploads\\temp\\joshijay075_at_gmail_com\\2025-12-04_12-30-26\\attachments\\1764831626992_Gemini_Generated_Image_6j665m6j665m6j66.png",
      "size": 1067067,
      "sizeFormatted": "1.02 MB"
    },
    {
      "filename": "1764831627038_Backend.docx",
      "path": "C:\\Users\\joshi\\OneDrive\\Desktop\\Cold Mailer\\server\\uploads\\temp\\joshijay075_at_gmail_com\\2025-12-04_12-30-27\\attachments\\1764831627038_Backend.docx",
      "size": 24578,
      "sizeFormatted": "24 KB"
    }
  ],
  "status": "sent"
}